{"threshold_z": 2.5, "target_mag": 4.5, "large_events": 455, "hits_in_hot": 12, "hot_area_frac": 3.08641975308642e-05, "hit_frac": 0.026373626373626374, "enrichment": 854.5054945054945}