{"threshold_z": 2.5, "target_mag": 4.5, "large_events": 534, "hits_in_hot": 15, "hot_area_frac": 4.6296296296296294e-05, "hit_frac": 0.028089887640449437, "enrichment": 606.7415730337078}