{"threshold_z": 2.5, "target_mag": 4.5, "large_events": 515, "hits_in_hot": 12, "hot_area_frac": 6.17283950617284e-05, "hit_frac": 0.02330097087378641, "enrichment": 377.4757281553398}