{"threshold_z": 2.5, "target_mag": 4.5, "large_events": 487, "hits_in_hot": 25, "hot_area_frac": 6.17283950617284e-05, "hit_frac": 0.0513347022587269, "enrichment": 831.6221765913757}