{"threshold_z": 2.5, "target_mag": 4.5, "large_events": 474, "hits_in_hot": 53, "hot_area_frac": 4.6296296296296294e-05, "hit_frac": 0.11181434599156118, "enrichment": 2415.1898734177216}