{"threshold_z": 2.5, "target_mag": 4.5, "large_events": 478, "hits_in_hot": 31, "hot_area_frac": 7.716049382716049e-05, "hit_frac": 0.06485355648535565, "enrichment": 840.5020920502093}