{"threshold_z": 2.5, "target_mag": 4.5, "large_events": 557, "hits_in_hot": 58, "hot_area_frac": 7.716049382716049e-05, "hit_frac": 0.10412926391382406, "enrichment": 1349.5152603231597}