{"threshold_z": 2.5, "target_mag": 4.5, "large_events": 496, "hits_in_hot": 2, "hot_area_frac": 3.08641975308642e-05, "hit_frac": 0.004032258064516129, "enrichment": 130.64516129032256}