{"threshold_z": 2.5, "target_mag": 4.5, "large_events": 430, "hits_in_hot": 14, "hot_area_frac": 3.08641975308642e-05, "hit_frac": 0.03255813953488372, "enrichment": 1054.8837209302326}