{"threshold_z": 2.5, "target_mag": 4.5, "large_events": 570, "hits_in_hot": 3, "hot_area_frac": 4.6296296296296294e-05, "hit_frac": 0.005263157894736842, "enrichment": 113.6842105263158}