{"threshold_z": 2.5, "target_mag": 4.5, "large_events": 558, "hits_in_hot": 69, "hot_area_frac": 6.17283950617284e-05, "hit_frac": 0.12365591397849462, "enrichment": 2003.225806451613}