{"threshold_z": 2.5, "target_mag": 4.5, "large_events": 562, "hits_in_hot": 60, "hot_area_frac": 7.716049382716049e-05, "hit_frac": 0.10676156583629894, "enrichment": 1383.6298932384343}