{"threshold_z": 2.5, "target_mag": 4.5, "large_events": 471, "hits_in_hot": 1, "hot_area_frac": 6.17283950617284e-05, "hit_frac": 0.0021231422505307855, "enrichment": 34.394904458598724}