{"threshold_z": 2.5, "target_mag": 4.5, "large_events": 572, "hits_in_hot": 1, "hot_area_frac": 3.08641975308642e-05, "hit_frac": 0.0017482517482517483, "enrichment": 56.64335664335664}