{"threshold_z": 2.5, "target_mag": 4.5, "large_events": 509, "hits_in_hot": 17, "hot_area_frac": 6.17283950617284e-05, "hit_frac": 0.03339882121807466, "enrichment": 541.0609037328095}