{"threshold_z": 2.5, "target_mag": 4.5, "large_events": 414, "hits_in_hot": 6, "hot_area_frac": 3.08641975308642e-05, "hit_frac": 0.014492753623188406, "enrichment": 469.5652173913043}