{"threshold_z": 2.5, "target_mag": 4.5, "large_events": 477, "hits_in_hot": 27, "hot_area_frac": 7.716049382716049e-05, "hit_frac": 0.05660377358490566, "enrichment": 733.5849056603774}