{"threshold_z": 2.5, "target_mag": 4.5, "large_events": 551, "hits_in_hot": 1, "hot_area_frac": 4.6296296296296294e-05, "hit_frac": 0.0018148820326678765, "enrichment": 39.201451905626136}