{"threshold_z": 2.5, "target_mag": 4.5, "large_events": 522, "hits_in_hot": 12, "hot_area_frac": 6.17283950617284e-05, "hit_frac": 0.022988505747126436, "enrichment": 372.41379310344826}