{"threshold_z": 2.5, "target_mag": 4.5, "large_events": 569, "hits_in_hot": 21, "hot_area_frac": 6.17283950617284e-05, "hit_frac": 0.03690685413005272, "enrichment": 597.8910369068541}