{"threshold_z": 2.5, "target_mag": 4.5, "large_events": 530, "hits_in_hot": 41, "hot_area_frac": 9.259259259259259e-05, "hit_frac": 0.07735849056603773, "enrichment": 835.4716981132076}