{"threshold_z": 2.5, "target_mag": 4.5, "large_events": 506, "hits_in_hot": 20, "hot_area_frac": 9.259259259259259e-05, "hit_frac": 0.039525691699604744, "enrichment": 426.87747035573125}