{"threshold_z": 2.5, "target_mag": 4.5, "large_events": 521, "hits_in_hot": 14, "hot_area_frac": 3.08641975308642e-05, "hit_frac": 0.026871401151631478, "enrichment": 870.6333973128599}