{"threshold_z": 2.5, "target_mag": 4.5, "large_events": 418, "hits_in_hot": 7, "hot_area_frac": 4.6296296296296294e-05, "hit_frac": 0.01674641148325359, "enrichment": 361.72248803827756}