{"threshold_z": 2.5, "target_mag": 4.5, "large_events": 559, "hits_in_hot": 58, "hot_area_frac": 7.716049382716049e-05, "hit_frac": 0.1037567084078712, "enrichment": 1344.6869409660108}