{"threshold_z": 2.5, "target_mag": 4.5, "large_events": 529, "hits_in_hot": 12, "hot_area_frac": 4.6296296296296294e-05, "hit_frac": 0.022684310018903593, "enrichment": 489.9810964083176}