{"threshold_z": 2.5, "target_mag": 4.5, "large_events": 531, "hits_in_hot": 36, "hot_area_frac": 0.0001080246913580247, "hit_frac": 0.06779661016949153, "enrichment": 627.6029055690072}