{"threshold_z": 2.5, "target_mag": 4.5, "large_events": 454, "hits_in_hot": 12, "hot_area_frac": 3.08641975308642e-05, "hit_frac": 0.02643171806167401, "enrichment": 856.3876651982379}