{"threshold_z": 2.5, "target_mag": 4.5, "large_events": 568, "hits_in_hot": 16, "hot_area_frac": 4.6296296296296294e-05, "hit_frac": 0.028169014084507043, "enrichment": 608.4507042253522}