{"threshold_z": 2.5, "target_mag": 4.5, "large_events": 519, "hits_in_hot": 30, "hot_area_frac": 9.259259259259259e-05, "hit_frac": 0.057803468208092484, "enrichment": 624.2774566473988}