{"threshold_z": 2.5, "target_mag": 4.5, "large_events": 567, "hits_in_hot": 20, "hot_area_frac": 7.716049382716049e-05, "hit_frac": 0.03527336860670194, "enrichment": 457.1428571428571}