{"threshold_z": 2.5, "target_mag": 4.5, "large_events": 543, "hits_in_hot": 57, "hot_area_frac": 0.0001080246913580247, "hit_frac": 0.10497237569060773, "enrichment": 971.7442778216258}