{"threshold_z": 2.5, "target_mag": 4.5, "large_events": 494, "hits_in_hot": 9, "hot_area_frac": 3.08641975308642e-05, "hit_frac": 0.018218623481781375, "enrichment": 590.2834008097166}