{"threshold_z": 2.5, "target_mag": 4.5, "large_events": 504, "hits_in_hot": 33, "hot_area_frac": 6.17283950617284e-05, "hit_frac": 0.06547619047619048, "enrichment": 1060.7142857142858}