{"threshold_z": 2.5, "target_mag": 4.5, "large_events": 533, "hits_in_hot": 15, "hot_area_frac": 4.6296296296296294e-05, "hit_frac": 0.028142589118198873, "enrichment": 607.8799249530957}