{"threshold_z": 2.5, "target_mag": 4.5, "large_events": 542, "hits_in_hot": 48, "hot_area_frac": 6.17283950617284e-05, "hit_frac": 0.08856088560885608, "enrichment": 1434.6863468634685}