{"threshold_z": 2.5, "target_mag": 4.5, "large_events": 452, "hits_in_hot": 9, "hot_area_frac": 3.08641975308642e-05, "hit_frac": 0.01991150442477876, "enrichment": 645.1327433628319}