{"threshold_z": 2.5, "target_mag": 4.5, "large_events": 517, "hits_in_hot": 27, "hot_area_frac": 6.17283950617284e-05, "hit_frac": 0.05222437137330754, "enrichment": 846.0348162475822}