{"threshold_z": 2.5, "target_mag": 4.5, "large_events": 509, "hits_in_hot": 23, "hot_area_frac": 9.259259259259259e-05, "hit_frac": 0.04518664047151277, "enrichment": 488.015717092338}