{"threshold_z": 2.5, "target_mag": 4.5, "large_events": 502, "hits_in_hot": 25, "hot_area_frac": 4.6296296296296294e-05, "hit_frac": 0.049800796812749, "enrichment": 1075.6972111553785}