{"threshold_z": 2.5, "target_mag": 4.5, "large_events": 531, "hits_in_hot": 40, "hot_area_frac": 9.259259259259259e-05, "hit_frac": 0.07532956685499058, "enrichment": 813.5593220338983}