{"threshold_z": 2.5, "target_mag": 4.5, "large_events": 546, "hits_in_hot": 47, "hot_area_frac": 4.6296296296296294e-05, "hit_frac": 0.08608058608058608, "enrichment": 1859.3406593406594}