{"threshold_z": 2.5, "target_mag": 4.5, "large_events": 559, "hits_in_hot": 38, "hot_area_frac": 6.17283950617284e-05, "hit_frac": 0.06797853309481217, "enrichment": 1101.252236135957}