{"threshold_z": 2.5, "target_mag": 4.5, "large_events": 502, "hits_in_hot": 17, "hot_area_frac": 7.716049382716049e-05, "hit_frac": 0.03386454183266932, "enrichment": 438.8844621513944}