{"threshold_z": 2.5, "target_mag": 4.5, "large_events": 519, "hits_in_hot": 19, "hot_area_frac": 9.259259259259259e-05, "hit_frac": 0.036608863198458574, "enrichment": 395.37572254335265}