{"threshold_z": 2.5, "target_mag": 4.5, "large_events": 415, "hits_in_hot": 7, "hot_area_frac": 3.08641975308642e-05, "hit_frac": 0.016867469879518072, "enrichment": 546.5060240963855}