{"threshold_z": 2.5, "target_mag": 4.5, "large_events": 525, "hits_in_hot": 12, "hot_area_frac": 6.17283950617284e-05, "hit_frac": 0.022857142857142857, "enrichment": 370.2857142857143}