{"threshold_z": 2.5, "target_mag": 4.5, "large_events": 533, "hits_in_hot": 57, "hot_area_frac": 7.716049382716049e-05, "hit_frac": 0.10694183864915573, "enrichment": 1385.9662288930583}