{"threshold_z": 2.5, "target_mag": 4.5, "large_events": 407, "hits_in_hot": 3, "hot_area_frac": 3.08641975308642e-05, "hit_frac": 0.007371007371007371, "enrichment": 238.82063882063883}