{"threshold_z": 2.5, "target_mag": 4.5, "large_events": 541, "hits_in_hot": 58, "hot_area_frac": 7.716049382716049e-05, "hit_frac": 0.10720887245841035, "enrichment": 1389.426987060998}