{"threshold_z": 2.5, "target_mag": 4.5, "large_events": 486, "hits_in_hot": 11, "hot_area_frac": 1.54320987654321e-05, "hit_frac": 0.02263374485596708, "enrichment": 1466.6666666666667}