{"threshold_z": 2.5, "target_mag": 4.5, "large_events": 505, "hits_in_hot": 27, "hot_area_frac": 4.6296296296296294e-05, "hit_frac": 0.053465346534653464, "enrichment": 1154.851485148515}