{"threshold_z": 2.5, "target_mag": 4.5, "large_events": 559, "hits_in_hot": 50, "hot_area_frac": 6.17283950617284e-05, "hit_frac": 0.08944543828264759, "enrichment": 1449.0161001788908}