{"threshold_z": 2.5, "target_mag": 4.5, "large_events": 458, "hits_in_hot": 23, "hot_area_frac": 3.08641975308642e-05, "hit_frac": 0.05021834061135371, "enrichment": 1627.0742358078603}