{"threshold_z": 2.5, "target_mag": 4.5, "large_events": 425, "hits_in_hot": 13, "hot_area_frac": 4.6296296296296294e-05, "hit_frac": 0.03058823529411765, "enrichment": 660.7058823529412}