{"threshold_z": 2.5, "target_mag": 4.5, "large_events": 484, "hits_in_hot": 54, "hot_area_frac": 3.08641975308642e-05, "hit_frac": 0.1115702479338843, "enrichment": 3614.876033057851}