{"threshold_z": 2.5, "target_mag": 4.5, "large_events": 531, "hits_in_hot": 19, "hot_area_frac": 6.17283950617284e-05, "hit_frac": 0.035781544256120526, "enrichment": 579.6610169491526}