{"threshold_z": 2.5, "target_mag": 4.5, "large_events": 458, "hits_in_hot": 23, "hot_area_frac": 6.17283950617284e-05, "hit_frac": 0.05021834061135371, "enrichment": 813.5371179039302}