{"threshold_z": 2.5, "target_mag": 4.5, "large_events": 543, "hits_in_hot": 56, "hot_area_frac": 0.0001080246913580247, "hit_frac": 0.10313075506445672, "enrichment": 954.6961325966851}