{"threshold_z": 2.5, "target_mag": 4.5, "large_events": 475, "hits_in_hot": 2, "hot_area_frac": 3.08641975308642e-05, "hit_frac": 0.004210526315789474, "enrichment": 136.42105263157893}