{"threshold_z": 2.5, "target_mag": 4.5, "large_events": 466, "hits_in_hot": 45, "hot_area_frac": 4.6296296296296294e-05, "hit_frac": 0.09656652360515021, "enrichment": 2085.8369098712446}