{"threshold_z": 2.5, "target_mag": 4.5, "large_events": 429, "hits_in_hot": 14, "hot_area_frac": 3.08641975308642e-05, "hit_frac": 0.03263403263403263, "enrichment": 1057.3426573426573}