{"threshold_z": 2.5, "target_mag": 4.5, "large_events": 442, "hits_in_hot": 14, "hot_area_frac": 4.6296296296296294e-05, "hit_frac": 0.03167420814479638, "enrichment": 684.1628959276018}