{"threshold_z": 2.5, "target_mag": 4.5, "large_events": 490, "hits_in_hot": 63, "hot_area_frac": 6.17283950617284e-05, "hit_frac": 0.12857142857142856, "enrichment": 2082.8571428571427}