{"threshold_z": 2.5, "target_mag": 4.5, "large_events": 417, "hits_in_hot": 7, "hot_area_frac": 3.08641975308642e-05, "hit_frac": 0.016786570743405275, "enrichment": 543.8848920863309}