{"threshold_z": 2.5, "target_mag": 4.5, "large_events": 505, "hits_in_hot": 17, "hot_area_frac": 6.17283950617284e-05, "hit_frac": 0.033663366336633666, "enrichment": 545.3465346534654}