{"threshold_z": 2.5, "target_mag": 4.5, "large_events": 471, "hits_in_hot": 49, "hot_area_frac": 4.6296296296296294e-05, "hit_frac": 0.1040339702760085, "enrichment": 2247.1337579617834}