{"threshold_z": 2.5, "target_mag": 4.5, "large_events": 474, "hits_in_hot": 27, "hot_area_frac": 7.716049382716049e-05, "hit_frac": 0.056962025316455694, "enrichment": 738.2278481012659}