{"threshold_z": 2.5, "target_mag": 4.5, "large_events": 497, "hits_in_hot": 6, "hot_area_frac": 1.54320987654321e-05, "hit_frac": 0.012072434607645875, "enrichment": 782.2937625754527}