{"threshold_z": 2.5, "target_mag": 4.5, "large_events": 436, "hits_in_hot": 14, "hot_area_frac": 6.17283950617284e-05, "hit_frac": 0.03211009174311927, "enrichment": 520.1834862385322}