{"threshold_z": 2.5, "target_mag": 4.5, "large_events": 614, "hits_in_hot": 3, "hot_area_frac": 1.54320987654321e-05, "hit_frac": 0.004885993485342019, "enrichment": 316.61237785016283}