{"threshold_z": 2.5, "target_mag": 4.5, "large_events": 510, "hits_in_hot": 17, "hot_area_frac": 4.6296296296296294e-05, "hit_frac": 0.03333333333333333, "enrichment": 720.0}