{"threshold_z": 2.5, "target_mag": 4.5, "large_events": 403, "hits_in_hot": 3, "hot_area_frac": 4.6296296296296294e-05, "hit_frac": 0.007444168734491315, "enrichment": 160.79404466501242}