{"threshold_z": 2.5, "target_mag": 4.5, "large_events": 433, "hits_in_hot": 18, "hot_area_frac": 6.17283950617284e-05, "hit_frac": 0.04157043879907621, "enrichment": 673.4411085450346}