{"threshold_z": 2.5, "target_mag": 4.5, "large_events": 483, "hits_in_hot": 2, "hot_area_frac": 3.08641975308642e-05, "hit_frac": 0.004140786749482402, "enrichment": 134.16149068322983}