{"threshold_z": 2.5, "target_mag": 4.5, "large_events": 487, "hits_in_hot": 12, "hot_area_frac": 1.54320987654321e-05, "hit_frac": 0.024640657084188913, "enrichment": 1596.7145790554414}