{"threshold_z": 2.5, "target_mag": 4.5, "large_events": 486, "hits_in_hot": 8, "hot_area_frac": 4.6296296296296294e-05, "hit_frac": 0.01646090534979424, "enrichment": 355.5555555555556}