{"threshold_z": 2.5, "target_mag": 4.5, "large_events": 557, "hits_in_hot": 2, "hot_area_frac": 6.17283950617284e-05, "hit_frac": 0.003590664272890485, "enrichment": 58.16876122082585}