{"threshold_z": 2.5, "target_mag": 4.5, "large_events": 520, "hits_in_hot": 11, "hot_area_frac": 4.6296296296296294e-05, "hit_frac": 0.021153846153846155, "enrichment": 456.92307692307696}