{"threshold_z": 2.5, "target_mag": 4.5, "large_events": 545, "hits_in_hot": 2, "hot_area_frac": 4.6296296296296294e-05, "hit_frac": 0.003669724770642202, "enrichment": 79.26605504587157}