{"threshold_z": 2.5, "target_mag": 4.5, "large_events": 469, "hits_in_hot": 4, "hot_area_frac": 4.6296296296296294e-05, "hit_frac": 0.008528784648187633, "enrichment": 184.22174840085287}