{"threshold_z": 2.5, "target_mag": 4.5, "large_events": 417, "hits_in_hot": 6, "hot_area_frac": 3.08641975308642e-05, "hit_frac": 0.014388489208633094, "enrichment": 466.18705035971226}