{"threshold_z": 2.5, "target_mag": 4.5, "large_events": 564, "hits_in_hot": 41, "hot_area_frac": 6.17283950617284e-05, "hit_frac": 0.0726950354609929, "enrichment": 1177.6595744680849}