{"threshold_z": 2.5, "target_mag": 4.5, "large_events": 487, "hits_in_hot": 68, "hot_area_frac": 6.17283950617284e-05, "hit_frac": 0.13963039014373715, "enrichment": 2262.012320328542}