{"threshold_z": 2.5, "target_mag": 4.5, "large_events": 455, "hits_in_hot": 23, "hot_area_frac": 6.17283950617284e-05, "hit_frac": 0.05054945054945055, "enrichment": 818.9010989010989}