{"threshold_z": 2.5, "target_mag": 4.5, "large_events": 492, "hits_in_hot": 10, "hot_area_frac": 3.08641975308642e-05, "hit_frac": 0.02032520325203252, "enrichment": 658.5365853658536}