{"threshold_z": 2.5, "target_mag": 4.5, "large_events": 573, "hits_in_hot": 1, "hot_area_frac": 3.08641975308642e-05, "hit_frac": 0.0017452006980802793, "enrichment": 56.544502617801044}