{"threshold_z": 2.5, "target_mag": 4.5, "large_events": 460, "hits_in_hot": 39, "hot_area_frac": 4.6296296296296294e-05, "hit_frac": 0.08478260869565217, "enrichment": 1831.304347826087}