{"threshold_z": 2.5, "target_mag": 4.5, "large_events": 416, "hits_in_hot": 6, "hot_area_frac": 4.6296296296296294e-05, "hit_frac": 0.014423076923076924, "enrichment": 311.53846153846155}