{"threshold_z": 2.5, "target_mag": 4.5, "large_events": 493, "hits_in_hot": 10, "hot_area_frac": 4.6296296296296294e-05, "hit_frac": 0.02028397565922921, "enrichment": 438.1338742393509}