{"threshold_z": 2.5, "target_mag": 4.5, "large_events": 411, "hits_in_hot": 1, "hot_area_frac": 6.17283950617284e-05, "hit_frac": 0.0024330900243309003, "enrichment": 39.416058394160586}