{"threshold_z": 2.5, "target_mag": 4.5, "large_events": 443, "hits_in_hot": 14, "hot_area_frac": 4.6296296296296294e-05, "hit_frac": 0.03160270880361174, "enrichment": 682.6185101580136}