{"threshold_z": 2.5, "target_mag": 4.5, "large_events": 431, "hits_in_hot": 10, "hot_area_frac": 4.6296296296296294e-05, "hit_frac": 0.02320185614849188, "enrichment": 501.1600928074246}