{"threshold_z": 2.5, "target_mag": 4.5, "large_events": 481, "hits_in_hot": 72, "hot_area_frac": 6.17283950617284e-05, "hit_frac": 0.1496881496881497, "enrichment": 2424.9480249480252}