{"threshold_z": 2.5, "target_mag": 4.5, "large_events": 495, "hits_in_hot": 9, "hot_area_frac": 3.08641975308642e-05, "hit_frac": 0.01818181818181818, "enrichment": 589.090909090909}