{"threshold_z": 2.5, "target_mag": 4.5, "large_events": 565, "hits_in_hot": 65, "hot_area_frac": 7.716049382716049e-05, "hit_frac": 0.11504424778761062, "enrichment": 1490.9734513274336}