{"threshold_z": 2.5, "target_mag": 4.5, "large_events": 470, "hits_in_hot": 4, "hot_area_frac": 4.6296296296296294e-05, "hit_frac": 0.00851063829787234, "enrichment": 183.82978723404256}