{"threshold_z": 2.5, "target_mag": 4.5, "large_events": 571, "hits_in_hot": 16, "hot_area_frac": 6.17283950617284e-05, "hit_frac": 0.028021015761821366, "enrichment": 453.9404553415061}