{"threshold_z": 2.5, "target_mag": 4.5, "large_events": 492, "hits_in_hot": 8, "hot_area_frac": 6.17283950617284e-05, "hit_frac": 0.016260162601626018, "enrichment": 263.4146341463415}