{"threshold_z": 2.5, "target_mag": 4.5, "large_events": 525, "hits_in_hot": 19, "hot_area_frac": 7.716049382716049e-05, "hit_frac": 0.03619047619047619, "enrichment": 469.0285714285714}