{"threshold_z": 2.5, "target_mag": 4.5, "large_events": 451, "hits_in_hot": 13, "hot_area_frac": 4.6296296296296294e-05, "hit_frac": 0.028824833702882482, "enrichment": 622.6164079822616}