{"threshold_z": 2.5, "target_mag": 4.5, "large_events": 491, "hits_in_hot": 59, "hot_area_frac": 4.6296296296296294e-05, "hit_frac": 0.12016293279022404, "enrichment": 2595.519348268839}