{"threshold_z": 2.5, "target_mag": 4.5, "large_events": 489, "hits_in_hot": 9, "hot_area_frac": 4.6296296296296294e-05, "hit_frac": 0.018404907975460124, "enrichment": 397.5460122699387}