{"threshold_z": 2.5, "target_mag": 4.5, "large_events": 544, "hits_in_hot": 70, "hot_area_frac": 4.6296296296296294e-05, "hit_frac": 0.12867647058823528, "enrichment": 2779.4117647058824}