{"threshold_z": 2.5, "target_mag": 4.5, "large_events": 426, "hits_in_hot": 13, "hot_area_frac": 4.6296296296296294e-05, "hit_frac": 0.03051643192488263, "enrichment": 659.1549295774648}