{"threshold_z": 2.5, "target_mag": 4.5, "large_events": 437, "hits_in_hot": 14, "hot_area_frac": 4.6296296296296294e-05, "hit_frac": 0.032036613272311214, "enrichment": 691.9908466819222}