{"threshold_z": 2.5, "target_mag": 4.5, "large_events": 471, "hits_in_hot": 27, "hot_area_frac": 7.716049382716049e-05, "hit_frac": 0.05732484076433121, "enrichment": 742.9299363057326}