{"threshold_z": 2.5, "target_mag": 4.5, "large_events": 490, "hits_in_hot": 10, "hot_area_frac": 1.54320987654321e-05, "hit_frac": 0.02040816326530612, "enrichment": 1322.4489795918366}