{"threshold_z": 2.5, "target_mag": 4.5, "large_events": 478, "hits_in_hot": 35, "hot_area_frac": 3.08641975308642e-05, "hit_frac": 0.07322175732217573, "enrichment": 2372.3849372384934}