{"threshold_z": 2.5, "target_mag": 4.5, "large_events": 472, "hits_in_hot": 35, "hot_area_frac": 3.08641975308642e-05, "hit_frac": 0.07415254237288135, "enrichment": 2402.5423728813557}