{"threshold_z": 2.5, "target_mag": 4.5, "large_events": 493, "hits_in_hot": 4, "hot_area_frac": 4.6296296296296294e-05, "hit_frac": 0.008113590263691683, "enrichment": 175.25354969574036}