{"threshold_z": 2.5, "target_mag": 4.5, "large_events": 545, "hits_in_hot": 48, "hot_area_frac": 6.17283950617284e-05, "hit_frac": 0.08807339449541285, "enrichment": 1426.7889908256882}