{"threshold_z": 2.5, "target_mag": 4.5, "large_events": 426, "hits_in_hot": 18, "hot_area_frac": 6.17283950617284e-05, "hit_frac": 0.04225352112676056, "enrichment": 684.5070422535211}