{"threshold_z": 2.5, "target_mag": 4.5, "large_events": 542, "hits_in_hot": 58, "hot_area_frac": 7.716049382716049e-05, "hit_frac": 0.1070110701107011, "enrichment": 1386.8634686346863}