{"threshold_z": 2.5, "target_mag": 4.5, "large_events": 537, "hits_in_hot": 47, "hot_area_frac": 6.17283950617284e-05, "hit_frac": 0.08752327746741155, "enrichment": 1417.877094972067}