{"threshold_z": 2.5, "target_mag": 4.5, "large_events": 558, "hits_in_hot": 58, "hot_area_frac": 7.716049382716049e-05, "hit_frac": 0.1039426523297491, "enrichment": 1347.0967741935483}