{"threshold_z": 2.5, "target_mag": 4.5, "large_events": 559, "hits_in_hot": 69, "hot_area_frac": 6.17283950617284e-05, "hit_frac": 0.12343470483005367, "enrichment": 1999.6422182468693}