{"threshold_z": 2.5, "target_mag": 4.5, "large_events": 536, "hits_in_hot": 70, "hot_area_frac": 6.17283950617284e-05, "hit_frac": 0.13059701492537312, "enrichment": 2115.6716417910447}