{"threshold_z": 2.5, "target_mag": 4.5, "large_events": 574, "hits_in_hot": 11, "hot_area_frac": 3.08641975308642e-05, "hit_frac": 0.01916376306620209, "enrichment": 620.9059233449477}