{"threshold_z": 2.5, "target_mag": 4.5, "large_events": 557, "hits_in_hot": 6, "hot_area_frac": 1.54320987654321e-05, "hit_frac": 0.010771992818671455, "enrichment": 698.0251346499102}