{"threshold_z": 2.5, "target_mag": 4.5, "large_events": 413, "hits_in_hot": 6, "hot_area_frac": 3.08641975308642e-05, "hit_frac": 0.014527845036319613, "enrichment": 470.70217917675546}