{"threshold_z": 2.5, "target_mag": 4.5, "large_events": 507, "hits_in_hot": 27, "hot_area_frac": 4.6296296296296294e-05, "hit_frac": 0.05325443786982249, "enrichment": 1150.2958579881658}