{"threshold_z": 2.5, "target_mag": 4.5, "large_events": 530, "hits_in_hot": 4, "hot_area_frac": 4.6296296296296294e-05, "hit_frac": 0.007547169811320755, "enrichment": 163.0188679245283}