{"threshold_z": 2.5, "target_mag": 4.5, "large_events": 429, "hits_in_hot": 10, "hot_area_frac": 4.6296296296296294e-05, "hit_frac": 0.023310023310023312, "enrichment": 503.4965034965036}