{"threshold_z": 2.5, "target_mag": 4.5, "large_events": 492, "hits_in_hot": 10, "hot_area_frac": 6.17283950617284e-05, "hit_frac": 0.02032520325203252, "enrichment": 329.2682926829268}