{"threshold_z": 2.5, "target_mag": 4.5, "large_events": 569, "hits_in_hot": 18, "hot_area_frac": 7.716049382716049e-05, "hit_frac": 0.03163444639718805, "enrichment": 409.98242530755715}