{"threshold_z": 2.5, "target_mag": 4.5, "large_events": 559, "hits_in_hot": 39, "hot_area_frac": 6.17283950617284e-05, "hit_frac": 0.06976744186046512, "enrichment": 1130.2325581395348}