{"threshold_z": 2.5, "target_mag": 4.5, "large_events": 452, "hits_in_hot": 20, "hot_area_frac": 3.08641975308642e-05, "hit_frac": 0.04424778761061947, "enrichment": 1433.6283185840707}