{"threshold_z": 2.5, "target_mag": 4.5, "large_events": 502, "hits_in_hot": 20, "hot_area_frac": 7.716049382716049e-05, "hit_frac": 0.0398406374501992, "enrichment": 516.3346613545817}