{"threshold_z": 2.5, "target_mag": 4.5, "large_events": 516, "hits_in_hot": 14, "hot_area_frac": 3.08641975308642e-05, "hit_frac": 0.027131782945736434, "enrichment": 879.0697674418604}