{"threshold_z": 2.5, "target_mag": 4.5, "large_events": 455, "hits_in_hot": 8, "hot_area_frac": 3.08641975308642e-05, "hit_frac": 0.017582417582417582, "enrichment": 569.6703296703297}