{"threshold_z": 2.5, "target_mag": 4.5, "large_events": 577, "hits_in_hot": 3, "hot_area_frac": 4.6296296296296294e-05, "hit_frac": 0.005199306759098787, "enrichment": 112.30502599653381}