{"threshold_z": 2.5, "target_mag": 4.5, "large_events": 557, "hits_in_hot": 66, "hot_area_frac": 7.716049382716049e-05, "hit_frac": 0.118491921005386, "enrichment": 1535.6552962298026}