{"threshold_z": 2.5, "target_mag": 4.5, "large_events": 518, "hits_in_hot": 18, "hot_area_frac": 7.716049382716049e-05, "hit_frac": 0.03474903474903475, "enrichment": 450.34749034749035}