{"threshold_z": 2.5, "target_mag": 4.5, "large_events": 484, "hits_in_hot": 2, "hot_area_frac": 4.6296296296296294e-05, "hit_frac": 0.004132231404958678, "enrichment": 89.25619834710744}