{"threshold_z": 2.5, "target_mag": 4.5, "large_events": 543, "hits_in_hot": 4, "hot_area_frac": 4.6296296296296294e-05, "hit_frac": 0.007366482504604052, "enrichment": 159.11602209944752}