{"threshold_z": 2.5, "target_mag": 4.5, "large_events": 410, "hits_in_hot": 7, "hot_area_frac": 3.08641975308642e-05, "hit_frac": 0.01707317073170732, "enrichment": 553.1707317073171}