{"threshold_z": 2.5, "target_mag": 4.5, "large_events": 465, "hits_in_hot": 3, "hot_area_frac": 1.54320987654321e-05, "hit_frac": 0.0064516129032258064, "enrichment": 418.06451612903226}