{"threshold_z": 2.5, "target_mag": 4.5, "large_events": 480, "hits_in_hot": 34, "hot_area_frac": 1.54320987654321e-05, "hit_frac": 0.07083333333333333, "enrichment": 4590.0}