{"threshold_z": 2.5, "target_mag": 4.5, "large_events": 554, "hits_in_hot": 38, "hot_area_frac": 6.17283950617284e-05, "hit_frac": 0.06859205776173286, "enrichment": 1111.1913357400722}