{"threshold_z": 2.5, "target_mag": 4.5, "large_events": 539, "hits_in_hot": 51, "hot_area_frac": 0.0001080246913580247, "hit_frac": 0.09461966604823747, "enrichment": 875.907765703684}