{"threshold_z": 2.5, "target_mag": 4.5, "large_events": 607, "hits_in_hot": 6, "hot_area_frac": 1.54320987654321e-05, "hit_frac": 0.009884678747940691, "enrichment": 640.5271828665568}