{"threshold_z": 2.5, "target_mag": 4.5, "large_events": 454, "hits_in_hot": 35, "hot_area_frac": 7.716049382716049e-05, "hit_frac": 0.07709251101321586, "enrichment": 999.1189427312776}