{"threshold_z": 2.5, "target_mag": 4.5, "large_events": 468, "hits_in_hot": 29, "hot_area_frac": 3.08641975308642e-05, "hit_frac": 0.06196581196581197, "enrichment": 2007.6923076923076}