{"threshold_z": 2.5, "target_mag": 4.5, "large_events": 564, "hits_in_hot": 40, "hot_area_frac": 6.17283950617284e-05, "hit_frac": 0.07092198581560284, "enrichment": 1148.936170212766}