{"threshold_z": 2.5, "target_mag": 4.5, "large_events": 520, "hits_in_hot": 19, "hot_area_frac": 9.259259259259259e-05, "hit_frac": 0.03653846153846154, "enrichment": 394.61538461538464}