{"threshold_z": 2.5, "target_mag": 4.5, "large_events": 522, "hits_in_hot": 11, "hot_area_frac": 4.6296296296296294e-05, "hit_frac": 0.0210727969348659, "enrichment": 455.1724137931035}