{"threshold_z": 2.5, "target_mag": 4.5, "large_events": 561, "hits_in_hot": 65, "hot_area_frac": 7.716049382716049e-05, "hit_frac": 0.11586452762923351, "enrichment": 1501.6042780748662}