{"threshold_z": 2.5, "target_mag": 4.5, "large_events": 415, "hits_in_hot": 4, "hot_area_frac": 3.08641975308642e-05, "hit_frac": 0.00963855421686747, "enrichment": 312.28915662650604}