{"threshold_z": 2.5, "target_mag": 4.5, "large_events": 491, "hits_in_hot": 3, "hot_area_frac": 1.54320987654321e-05, "hit_frac": 0.006109979633401222, "enrichment": 395.92668024439917}