{"threshold_z": 2.5, "target_mag": 4.5, "large_events": 498, "hits_in_hot": 10, "hot_area_frac": 3.08641975308642e-05, "hit_frac": 0.020080321285140562, "enrichment": 650.6024096385541}