{"threshold_z": 2.5, "target_mag": 4.5, "large_events": 507, "hits_in_hot": 10, "hot_area_frac": 6.17283950617284e-05, "hit_frac": 0.01972386587771203, "enrichment": 319.5266272189349}