{"threshold_z": 2.5, "target_mag": 4.5, "large_events": 416, "hits_in_hot": 3, "hot_area_frac": 1.54320987654321e-05, "hit_frac": 0.007211538461538462, "enrichment": 467.3076923076923}