{"threshold_z": 2.5, "target_mag": 4.5, "large_events": 510, "hits_in_hot": 14, "hot_area_frac": 3.08641975308642e-05, "hit_frac": 0.027450980392156862, "enrichment": 889.4117647058823}