{"threshold_z": 2.5, "target_mag": 4.5, "large_events": 534, "hits_in_hot": 47, "hot_area_frac": 6.17283950617284e-05, "hit_frac": 0.08801498127340825, "enrichment": 1425.8426966292136}