{"threshold_z": 2.5, "target_mag": 4.5, "large_events": 550, "hits_in_hot": 69, "hot_area_frac": 6.17283950617284e-05, "hit_frac": 0.12545454545454546, "enrichment": 2032.3636363636363}