{"threshold_z": 2.5, "target_mag": 4.5, "large_events": 541, "hits_in_hot": 57, "hot_area_frac": 0.0001080246913580247, "hit_frac": 0.10536044362292052, "enrichment": 975.3366781093213}