{"threshold_z": 2.5, "target_mag": 4.5, "large_events": 524, "hits_in_hot": 34, "hot_area_frac": 9.259259259259259e-05, "hit_frac": 0.0648854961832061, "enrichment": 700.763358778626}