{"threshold_z": 2.5, "target_mag": 4.5, "large_events": 543, "hits_in_hot": 6, "hot_area_frac": 1.54320987654321e-05, "hit_frac": 0.011049723756906077, "enrichment": 716.0220994475137}