{"threshold_z": 2.5, "target_mag": 4.5, "large_events": 489, "hits_in_hot": 12, "hot_area_frac": 1.54320987654321e-05, "hit_frac": 0.024539877300613498, "enrichment": 1590.1840490797547}