{"threshold_z": 2.5, "target_mag": 4.5, "large_events": 543, "hits_in_hot": 55, "hot_area_frac": 0.0001080246913580247, "hit_frac": 0.10128913443830571, "enrichment": 937.6479873717443}