{"threshold_z": 2.5, "target_mag": 4.5, "large_events": 502, "hits_in_hot": 33, "hot_area_frac": 6.17283950617284e-05, "hit_frac": 0.06573705179282868, "enrichment": 1064.9402390438247}