{"threshold_z": 2.5, "target_mag": 4.5, "large_events": 561, "hits_in_hot": 1, "hot_area_frac": 1.54320987654321e-05, "hit_frac": 0.0017825311942959, "enrichment": 115.50802139037432}