{"threshold_z": 2.5, "target_mag": 4.5, "large_events": 541, "hits_in_hot": 70, "hot_area_frac": 4.6296296296296294e-05, "hit_frac": 0.12939001848428835, "enrichment": 2794.8243992606285}