{"threshold_z": 2.5, "target_mag": 4.5, "large_events": 521, "hits_in_hot": 20, "hot_area_frac": 0.0001080246913580247, "hit_frac": 0.03838771593090211, "enrichment": 355.3605703317795}