{"threshold_z": 2.5, "target_mag": 4.5, "large_events": 484, "hits_in_hot": 10, "hot_area_frac": 1.54320987654321e-05, "hit_frac": 0.02066115702479339, "enrichment": 1338.8429752066115}