{"threshold_z": 2.5, "target_mag": 4.5, "large_events": 473, "hits_in_hot": 3, "hot_area_frac": 4.6296296296296294e-05, "hit_frac": 0.006342494714587738, "enrichment": 136.99788583509513}