{"threshold_z": 2.5, "target_mag": 4.5, "large_events": 548, "hits_in_hot": 48, "hot_area_frac": 4.6296296296296294e-05, "hit_frac": 0.08759124087591241, "enrichment": 1891.9708029197081}