{"threshold_z": 2.5, "target_mag": 4.5, "large_events": 531, "hits_in_hot": 55, "hot_area_frac": 9.259259259259259e-05, "hit_frac": 0.10357815442561205, "enrichment": 1118.6440677966102}