{"threshold_z": 2.5, "target_mag": 4.5, "large_events": 490, "hits_in_hot": 73, "hot_area_frac": 6.17283950617284e-05, "hit_frac": 0.1489795918367347, "enrichment": 2413.469387755102}