{"threshold_z": 2.5, "target_mag": 4.5, "large_events": 494, "hits_in_hot": 71, "hot_area_frac": 6.17283950617284e-05, "hit_frac": 0.1437246963562753, "enrichment": 2328.34008097166}