{"threshold_z": 2.5, "target_mag": 4.5, "large_events": 499, "hits_in_hot": 20, "hot_area_frac": 9.259259259259259e-05, "hit_frac": 0.04008016032064128, "enrichment": 432.86573146292585}