{"threshold_z": 2.5, "target_mag": 4.5, "large_events": 441, "hits_in_hot": 14, "hot_area_frac": 4.6296296296296294e-05, "hit_frac": 0.031746031746031744, "enrichment": 685.7142857142857}