{"threshold_z": 2.5, "target_mag": 4.5, "large_events": 561, "hits_in_hot": 42, "hot_area_frac": 4.6296296296296294e-05, "hit_frac": 0.0748663101604278, "enrichment": 1617.1122994652405}