{"threshold_z": 2.5, "target_mag": 4.5, "large_events": 520, "hits_in_hot": 12, "hot_area_frac": 6.17283950617284e-05, "hit_frac": 0.023076923076923078, "enrichment": 373.84615384615387}