{"threshold_z": 2.5, "target_mag": 4.5, "large_events": 443, "hits_in_hot": 14, "hot_area_frac": 7.716049382716049e-05, "hit_frac": 0.03160270880361174, "enrichment": 409.57110609480816}