{"threshold_z": 2.5, "target_mag": 4.5, "large_events": 507, "hits_in_hot": 2, "hot_area_frac": 3.08641975308642e-05, "hit_frac": 0.0039447731755424065, "enrichment": 127.81065088757397}