{"threshold_z": 2.5, "target_mag": 4.5, "large_events": 525, "hits_in_hot": 34, "hot_area_frac": 0.0001080246913580247, "hit_frac": 0.06476190476190476, "enrichment": 599.5102040816325}