{"threshold_z": 2.5, "target_mag": 4.5, "large_events": 532, "hits_in_hot": 57, "hot_area_frac": 7.716049382716049e-05, "hit_frac": 0.10714285714285714, "enrichment": 1388.5714285714284}