{"threshold_z": 2.5, "target_mag": 4.5, "large_events": 457, "hits_in_hot": 23, "hot_area_frac": 3.08641975308642e-05, "hit_frac": 0.05032822757111598, "enrichment": 1630.6345733041576}