{"threshold_z": 2.5, "target_mag": 4.5, "large_events": 490, "hits_in_hot": 2, "hot_area_frac": 4.6296296296296294e-05, "hit_frac": 0.004081632653061225, "enrichment": 88.16326530612245}