{"threshold_z": 2.5, "target_mag": 4.5, "large_events": 424, "hits_in_hot": 14, "hot_area_frac": 3.08641975308642e-05, "hit_frac": 0.0330188679245283, "enrichment": 1069.811320754717}