{"threshold_z": 2.5, "target_mag": 4.5, "large_events": 487, "hits_in_hot": 34, "hot_area_frac": 1.54320987654321e-05, "hit_frac": 0.06981519507186858, "enrichment": 4524.024640657084}