{"threshold_z": 2.5, "target_mag": 4.5, "large_events": 545, "hits_in_hot": 70, "hot_area_frac": 6.17283950617284e-05, "hit_frac": 0.12844036697247707, "enrichment": 2080.7339449541287}