{"threshold_z": 2.5, "target_mag": 4.5, "large_events": 479, "hits_in_hot": 34, "hot_area_frac": 1.54320987654321e-05, "hit_frac": 0.0709812108559499, "enrichment": 4599.582463465553}