{"threshold_z": 2.5, "target_mag": 4.5, "large_events": 577, "hits_in_hot": 26, "hot_area_frac": 6.17283950617284e-05, "hit_frac": 0.045060658578856154, "enrichment": 729.9826689774696}