{"threshold_z": 2.5, "target_mag": 4.5, "large_events": 478, "hits_in_hot": 1, "hot_area_frac": 6.17283950617284e-05, "hit_frac": 0.0020920502092050207, "enrichment": 33.89121338912133}