{"threshold_z": 2.5, "target_mag": 4.5, "large_events": 487, "hits_in_hot": 64, "hot_area_frac": 6.17283950617284e-05, "hit_frac": 0.13141683778234087, "enrichment": 2128.952772073922}