{"threshold_z": 2.5, "target_mag": 4.5, "large_events": 566, "hits_in_hot": 41, "hot_area_frac": 6.17283950617284e-05, "hit_frac": 0.07243816254416961, "enrichment": 1173.4982332155478}