{"threshold_z": 2.5, "target_mag": 4.5, "large_events": 473, "hits_in_hot": 4, "hot_area_frac": 4.6296296296296294e-05, "hit_frac": 0.008456659619450317, "enrichment": 182.66384778012687}