{"threshold_z": 2.5, "target_mag": 4.5, "large_events": 492, "hits_in_hot": 66, "hot_area_frac": 6.17283950617284e-05, "hit_frac": 0.13414634146341464, "enrichment": 2173.1707317073174}