{"threshold_z": 2.5, "target_mag": 4.5, "large_events": 550, "hits_in_hot": 2, "hot_area_frac": 6.17283950617284e-05, "hit_frac": 0.0036363636363636364, "enrichment": 58.90909090909091}