{"threshold_z": 2.5, "target_mag": 4.5, "large_events": 430, "hits_in_hot": 18, "hot_area_frac": 6.17283950617284e-05, "hit_frac": 0.04186046511627907, "enrichment": 678.1395348837209}