{"threshold_z": 2.5, "target_mag": 4.5, "large_events": 574, "hits_in_hot": 22, "hot_area_frac": 7.716049382716049e-05, "hit_frac": 0.03832752613240418, "enrichment": 496.7247386759582}