{"threshold_z": 2.5, "target_mag": 4.5, "large_events": 524, "hits_in_hot": 19, "hot_area_frac": 9.259259259259259e-05, "hit_frac": 0.03625954198473282, "enrichment": 391.6030534351145}