{"threshold_z": 2.5, "target_mag": 4.5, "large_events": 497, "hits_in_hot": 9, "hot_area_frac": 3.08641975308642e-05, "hit_frac": 0.018108651911468814, "enrichment": 586.7203219315895}