{"threshold_z": 2.5, "target_mag": 4.5, "large_events": 479, "hits_in_hot": 28, "hot_area_frac": 7.716049382716049e-05, "hit_frac": 0.05845511482254697, "enrichment": 757.5782881002087}