{"threshold_z": 2.5, "target_mag": 4.5, "large_events": 538, "hits_in_hot": 70, "hot_area_frac": 6.17283950617284e-05, "hit_frac": 0.13011152416356878, "enrichment": 2107.806691449814}