{"threshold_z": 2.5, "target_mag": 4.5, "large_events": 428, "hits_in_hot": 18, "hot_area_frac": 4.6296296296296294e-05, "hit_frac": 0.04205607476635514, "enrichment": 908.411214953271}