{"threshold_z": 2.5, "target_mag": 4.5, "large_events": 491, "hits_in_hot": 8, "hot_area_frac": 6.17283950617284e-05, "hit_frac": 0.016293279022403257, "enrichment": 263.95112016293274}