{"threshold_z": 2.5, "target_mag": 4.5, "large_events": 569, "hits_in_hot": 20, "hot_area_frac": 7.716049382716049e-05, "hit_frac": 0.0351493848857645, "enrichment": 455.53602811950793}