{"threshold_z": 2.5, "target_mag": 4.5, "large_events": 529, "hits_in_hot": 10, "hot_area_frac": 3.08641975308642e-05, "hit_frac": 0.01890359168241966, "enrichment": 612.4763705103969}