{"threshold_z": 2.5, "target_mag": 4.5, "large_events": 488, "hits_in_hot": 10, "hot_area_frac": 1.54320987654321e-05, "hit_frac": 0.020491803278688523, "enrichment": 1327.8688524590164}