{"threshold_z": 2.5, "target_mag": 4.5, "large_events": 453, "hits_in_hot": 21, "hot_area_frac": 4.6296296296296294e-05, "hit_frac": 0.046357615894039736, "enrichment": 1001.3245033112584}