{"threshold_z": 2.5, "target_mag": 4.5, "large_events": 497, "hits_in_hot": 24, "hot_area_frac": 6.17283950617284e-05, "hit_frac": 0.0482897384305835, "enrichment": 782.2937625754527}