{"threshold_z": 2.5, "target_mag": 4.5, "large_events": 476, "hits_in_hot": 4, "hot_area_frac": 6.17283950617284e-05, "hit_frac": 0.008403361344537815, "enrichment": 136.1344537815126}