{"threshold_z": 2.5, "target_mag": 4.5, "large_events": 536, "hits_in_hot": 54, "hot_area_frac": 0.0001080246913580247, "hit_frac": 0.10074626865671642, "enrichment": 932.6226012793177}