{"threshold_z": 2.5, "target_mag": 4.5, "large_events": 444, "hits_in_hot": 16, "hot_area_frac": 7.716049382716049e-05, "hit_frac": 0.036036036036036036, "enrichment": 467.02702702702703}