{"threshold_z": 2.5, "target_mag": 4.5, "large_events": 432, "hits_in_hot": 14, "hot_area_frac": 6.17283950617284e-05, "hit_frac": 0.032407407407407406, "enrichment": 525.0}