{"threshold_z": 2.5, "target_mag": 4.5, "large_events": 520, "hits_in_hot": 20, "hot_area_frac": 0.0001080246913580247, "hit_frac": 0.038461538461538464, "enrichment": 356.04395604395603}