{"threshold_z": 2.5, "target_mag": 4.5, "large_events": 527, "hits_in_hot": 29, "hot_area_frac": 9.259259259259259e-05, "hit_frac": 0.05502846299810247, "enrichment": 594.3074003795067}