{"threshold_z": 2.5, "target_mag": 4.5, "large_events": 495, "hits_in_hot": 8, "hot_area_frac": 7.716049382716049e-05, "hit_frac": 0.01616161616161616, "enrichment": 209.45454545454547}