{"threshold_z": 2.5, "target_mag": 4.5, "large_events": 479, "hits_in_hot": 70, "hot_area_frac": 6.17283950617284e-05, "hit_frac": 0.14613778705636743, "enrichment": 2367.4321503131523}