{"threshold_z": 2.5, "target_mag": 4.5, "large_events": 527, "hits_in_hot": 5, "hot_area_frac": 1.54320987654321e-05, "hit_frac": 0.009487666034155597, "enrichment": 614.8007590132827}