{"threshold_z": 2.5, "target_mag": 4.5, "large_events": 505, "hits_in_hot": 21, "hot_area_frac": 0.0001080246913580247, "hit_frac": 0.041584158415841586, "enrichment": 384.9504950495049}