{"threshold_z": 2.5, "target_mag": 4.5, "large_events": 427, "hits_in_hot": 18, "hot_area_frac": 6.17283950617284e-05, "hit_frac": 0.04215456674473068, "enrichment": 682.903981264637}