{"threshold_z": 2.5, "target_mag": 4.5, "large_events": 477, "hits_in_hot": 2, "hot_area_frac": 3.08641975308642e-05, "hit_frac": 0.0041928721174004195, "enrichment": 135.8490566037736}