{"threshold_z": 2.5, "target_mag": 4.5, "large_events": 565, "hits_in_hot": 3, "hot_area_frac": 6.17283950617284e-05, "hit_frac": 0.005309734513274336, "enrichment": 86.01769911504424}