{"threshold_z": 2.5, "target_mag": 4.5, "large_events": 511, "hits_in_hot": 17, "hot_area_frac": 4.6296296296296294e-05, "hit_frac": 0.033268101761252444, "enrichment": 718.5909980430529}