{"threshold_z": 2.5, "target_mag": 4.5, "large_events": 492, "hits_in_hot": 1, "hot_area_frac": 3.08641975308642e-05, "hit_frac": 0.0020325203252032522, "enrichment": 65.85365853658537}