{"threshold_z": 2.5, "target_mag": 4.5, "large_events": 538, "hits_in_hot": 41, "hot_area_frac": 0.0001080246913580247, "hit_frac": 0.0762081784386617, "enrichment": 705.4699946893255}