{"threshold_z": 2.5, "target_mag": 4.5, "large_events": 503, "hits_in_hot": 17, "hot_area_frac": 4.6296296296296294e-05, "hit_frac": 0.033797216699801194, "enrichment": 730.0198807157059}