{"threshold_z": 2.5, "target_mag": 4.5, "large_events": 471, "hits_in_hot": 35, "hot_area_frac": 3.08641975308642e-05, "hit_frac": 0.07430997876857749, "enrichment": 2407.643312101911}