{"threshold_z": 2.5, "target_mag": 4.5, "large_events": 469, "hits_in_hot": 51, "hot_area_frac": 4.6296296296296294e-05, "hit_frac": 0.10874200426439233, "enrichment": 2348.8272921108746}