{"threshold_z": 2.5, "target_mag": 4.5, "large_events": 565, "hits_in_hot": 5, "hot_area_frac": 6.17283950617284e-05, "hit_frac": 0.008849557522123894, "enrichment": 143.36283185840708}