{"threshold_z": 2.5, "target_mag": 4.5, "large_events": 476, "hits_in_hot": 47, "hot_area_frac": 3.08641975308642e-05, "hit_frac": 0.09873949579831932, "enrichment": 3199.159663865546}