{"threshold_z": 2.5, "target_mag": 4.5, "large_events": 413, "hits_in_hot": 7, "hot_area_frac": 3.08641975308642e-05, "hit_frac": 0.01694915254237288, "enrichment": 549.1525423728814}