{"threshold_z": 2.5, "target_mag": 4.5, "large_events": 527, "hits_in_hot": 19, "hot_area_frac": 9.259259259259259e-05, "hit_frac": 0.036053130929791274, "enrichment": 389.3738140417458}