{"threshold_z": 2.5, "target_mag": 4.5, "large_events": 466, "hits_in_hot": 25, "hot_area_frac": 7.716049382716049e-05, "hit_frac": 0.0536480686695279, "enrichment": 695.2789699570816}