{"threshold_z": 2.5, "target_mag": 4.5, "large_events": 484, "hits_in_hot": 25, "hot_area_frac": 6.17283950617284e-05, "hit_frac": 0.05165289256198347, "enrichment": 836.7768595041323}