{"threshold_z": 2.5, "target_mag": 4.5, "large_events": 444, "hits_in_hot": 18, "hot_area_frac": 7.716049382716049e-05, "hit_frac": 0.04054054054054054, "enrichment": 525.4054054054054}