{"threshold_z": 2.5, "target_mag": 4.5, "large_events": 504, "hits_in_hot": 25, "hot_area_frac": 4.6296296296296294e-05, "hit_frac": 0.0496031746031746, "enrichment": 1071.4285714285713}