{"threshold_z": 2.5, "target_mag": 4.5, "large_events": 478, "hits_in_hot": 33, "hot_area_frac": 1.54320987654321e-05, "hit_frac": 0.06903765690376569, "enrichment": 4473.640167364017}