{"threshold_z": 2.5, "target_mag": 4.5, "large_events": 433, "hits_in_hot": 1, "hot_area_frac": 4.6296296296296294e-05, "hit_frac": 0.0023094688221709007, "enrichment": 49.88452655889146}