{"threshold_z": 2.5, "target_mag": 4.5, "large_events": 558, "hits_in_hot": 50, "hot_area_frac": 7.716049382716049e-05, "hit_frac": 0.08960573476702509, "enrichment": 1161.2903225806451}