{"threshold_z": 2.5, "target_mag": 4.5, "large_events": 501, "hits_in_hot": 15, "hot_area_frac": 7.716049382716049e-05, "hit_frac": 0.029940119760479042, "enrichment": 388.0239520958084}