{"threshold_z": 2.5, "target_mag": 4.5, "large_events": 449, "hits_in_hot": 9, "hot_area_frac": 3.08641975308642e-05, "hit_frac": 0.0200445434298441, "enrichment": 649.4432071269488}