{"threshold_z": 2.5, "target_mag": 4.5, "large_events": 481, "hits_in_hot": 12, "hot_area_frac": 3.08641975308642e-05, "hit_frac": 0.02494802494802495, "enrichment": 808.3160083160084}