{"threshold_z": 2.5, "target_mag": 4.5, "large_events": 536, "hits_in_hot": 21, "hot_area_frac": 6.17283950617284e-05, "hit_frac": 0.03917910447761194, "enrichment": 634.7014925373135}