{"threshold_z": 2.5, "target_mag": 4.5, "large_events": 572, "hits_in_hot": 11, "hot_area_frac": 3.08641975308642e-05, "hit_frac": 0.019230769230769232, "enrichment": 623.0769230769231}