{"threshold_z": 2.5, "target_mag": 4.5, "large_events": 455, "hits_in_hot": 19, "hot_area_frac": 6.17283950617284e-05, "hit_frac": 0.041758241758241756, "enrichment": 676.4835164835164}