{"threshold_z": 2.5, "target_mag": 4.5, "large_events": 488, "hits_in_hot": 2, "hot_area_frac": 3.08641975308642e-05, "hit_frac": 0.004098360655737705, "enrichment": 132.78688524590163}