{"threshold_z": 2.5, "target_mag": 4.5, "large_events": 441, "hits_in_hot": 16, "hot_area_frac": 7.716049382716049e-05, "hit_frac": 0.036281179138321996, "enrichment": 470.2040816326531}