{"threshold_z": 2.5, "target_mag": 4.5, "large_events": 503, "hits_in_hot": 33, "hot_area_frac": 6.17283950617284e-05, "hit_frac": 0.06560636182902585, "enrichment": 1062.8230616302187}