{"threshold_z": 2.5, "target_mag": 4.5, "large_events": 512, "hits_in_hot": 27, "hot_area_frac": 6.17283950617284e-05, "hit_frac": 0.052734375, "enrichment": 854.296875}