{"threshold_z": 2.5, "target_mag": 4.5, "large_events": 426, "hits_in_hot": 6, "hot_area_frac": 1.54320987654321e-05, "hit_frac": 0.014084507042253521, "enrichment": 912.6760563380282}