{"threshold_z": 2.5, "target_mag": 4.5, "large_events": 522, "hits_in_hot": 19, "hot_area_frac": 7.716049382716049e-05, "hit_frac": 0.03639846743295019, "enrichment": 471.72413793103453}