{"threshold_z": 2.5, "target_mag": 4.5, "large_events": 572, "hits_in_hot": 16, "hot_area_frac": 4.6296296296296294e-05, "hit_frac": 0.027972027972027972, "enrichment": 604.1958041958043}