{"threshold_z": 2.5, "target_mag": 4.5, "large_events": 480, "hits_in_hot": 31, "hot_area_frac": 1.54320987654321e-05, "hit_frac": 0.06458333333333334, "enrichment": 4185.0}