{"threshold_z": 2.5, "target_mag": 4.5, "large_events": 485, "hits_in_hot": 67, "hot_area_frac": 6.17283950617284e-05, "hit_frac": 0.13814432989690723, "enrichment": 2237.938144329897}