{"threshold_z": 2.5, "target_mag": 4.5, "large_events": 564, "hits_in_hot": 65, "hot_area_frac": 7.716049382716049e-05, "hit_frac": 0.11524822695035461, "enrichment": 1493.6170212765958}