{"threshold_z": 2.5, "target_mag": 4.5, "large_events": 568, "hits_in_hot": 3, "hot_area_frac": 4.6296296296296294e-05, "hit_frac": 0.00528169014084507, "enrichment": 114.08450704225352}