{"threshold_z": 2.5, "target_mag": 4.5, "large_events": 614, "hits_in_hot": 5, "hot_area_frac": 1.54320987654321e-05, "hit_frac": 0.008143322475570033, "enrichment": 527.6872964169381}