{"threshold_z": 2.5, "target_mag": 4.5, "large_events": 526, "hits_in_hot": 19, "hot_area_frac": 6.17283950617284e-05, "hit_frac": 0.03612167300380228, "enrichment": 585.1711026615969}