{"threshold_z": 2.5, "target_mag": 4.5, "large_events": 448, "hits_in_hot": 16, "hot_area_frac": 6.17283950617284e-05, "hit_frac": 0.03571428571428571, "enrichment": 578.5714285714286}