{"threshold_z": 2.5, "target_mag": 4.5, "large_events": 539, "hits_in_hot": 45, "hot_area_frac": 0.0001080246913580247, "hit_frac": 0.08348794063079777, "enrichment": 772.8597932679564}