{"threshold_z": 2.5, "target_mag": 4.5, "large_events": 536, "hits_in_hot": 55, "hot_area_frac": 9.259259259259259e-05, "hit_frac": 0.10261194029850747, "enrichment": 1108.2089552238806}