{"threshold_z": 2.5, "target_mag": 4.5, "large_events": 525, "hits_in_hot": 19, "hot_area_frac": 6.17283950617284e-05, "hit_frac": 0.03619047619047619, "enrichment": 586.2857142857142}