{"threshold_z": 2.5, "target_mag": 4.5, "large_events": 444, "hits_in_hot": 14, "hot_area_frac": 7.716049382716049e-05, "hit_frac": 0.03153153153153153, "enrichment": 408.64864864864865}