{"threshold_z": 2.5, "target_mag": 4.5, "large_events": 472, "hits_in_hot": 30, "hot_area_frac": 1.54320987654321e-05, "hit_frac": 0.0635593220338983, "enrichment": 4118.64406779661}