{"threshold_z": 2.5, "target_mag": 4.5, "large_events": 478, "hits_in_hot": 34, "hot_area_frac": 1.54320987654321e-05, "hit_frac": 0.07112970711297072, "enrichment": 4609.205020920503}