{"threshold_z": 2.5, "target_mag": 4.5, "large_events": 529, "hits_in_hot": 21, "hot_area_frac": 6.17283950617284e-05, "hit_frac": 0.03969754253308128, "enrichment": 643.1001890359167}