{"threshold_z": 2.5, "target_mag": 4.5, "large_events": 540, "hits_in_hot": 46, "hot_area_frac": 0.0001080246913580247, "hit_frac": 0.08518518518518518, "enrichment": 788.5714285714286}