{"threshold_z": 2.5, "target_mag": 4.5, "large_events": 549, "hits_in_hot": 6, "hot_area_frac": 1.54320987654321e-05, "hit_frac": 0.01092896174863388, "enrichment": 708.1967213114754}