{"threshold_z": 2.5, "target_mag": 4.5, "large_events": 580, "hits_in_hot": 3, "hot_area_frac": 4.6296296296296294e-05, "hit_frac": 0.005172413793103448, "enrichment": 111.72413793103449}