{"threshold_z": 2.5, "target_mag": 4.5, "large_events": 436, "hits_in_hot": 17, "hot_area_frac": 3.08641975308642e-05, "hit_frac": 0.0389908256880734, "enrichment": 1263.3027522935781}