{"threshold_z": 2.5, "target_mag": 4.5, "large_events": 585, "hits_in_hot": 2, "hot_area_frac": 3.08641975308642e-05, "hit_frac": 0.003418803418803419, "enrichment": 110.76923076923077}