{"threshold_z": 2.5, "target_mag": 4.5, "large_events": 487, "hits_in_hot": 2, "hot_area_frac": 4.6296296296296294e-05, "hit_frac": 0.004106776180698152, "enrichment": 88.7063655030801}