{"threshold_z": 2.5, "target_mag": 4.5, "large_events": 540, "hits_in_hot": 43, "hot_area_frac": 0.0001080246913580247, "hit_frac": 0.07962962962962963, "enrichment": 737.1428571428571}