{"threshold_z": 2.5, "target_mag": 4.5, "large_events": 494, "hits_in_hot": 10, "hot_area_frac": 7.716049382716049e-05, "hit_frac": 0.020242914979757085, "enrichment": 262.3481781376518}