{"threshold_z": 2.5, "target_mag": 4.5, "large_events": 542, "hits_in_hot": 70, "hot_area_frac": 6.17283950617284e-05, "hit_frac": 0.12915129151291513, "enrichment": 2092.250922509225}