{"threshold_z": 2.5, "target_mag": 4.5, "large_events": 538, "hits_in_hot": 51, "hot_area_frac": 0.0001080246913580247, "hit_frac": 0.09479553903345725, "enrichment": 877.5358470525756}