{"threshold_z": 2.5, "target_mag": 4.5, "large_events": 505, "hits_in_hot": 10, "hot_area_frac": 6.17283950617284e-05, "hit_frac": 0.019801980198019802, "enrichment": 320.7920792079208}