{"threshold_z": 2.5, "target_mag": 4.5, "large_events": 541, "hits_in_hot": 63, "hot_area_frac": 9.259259259259259e-05, "hit_frac": 0.11645101663585952, "enrichment": 1257.6709796672828}