{"threshold_z": 2.5, "target_mag": 4.5, "large_events": 489, "hits_in_hot": 55, "hot_area_frac": 3.08641975308642e-05, "hit_frac": 0.11247443762781185, "enrichment": 3644.171779141104}