{"threshold_z": 2.5, "target_mag": 4.5, "large_events": 579, "hits_in_hot": 25, "hot_area_frac": 4.6296296296296294e-05, "hit_frac": 0.04317789291882556, "enrichment": 932.6424870466321}