{"threshold_z": 2.5, "target_mag": 4.5, "large_events": 534, "hits_in_hot": 4, "hot_area_frac": 4.6296296296296294e-05, "hit_frac": 0.00749063670411985, "enrichment": 161.79775280898878}