{"threshold_z": 2.5, "target_mag": 4.5, "large_events": 564, "hits_in_hot": 3, "hot_area_frac": 3.08641975308642e-05, "hit_frac": 0.005319148936170213, "enrichment": 172.3404255319149}