{"threshold_z": 2.5, "target_mag": 4.5, "large_events": 549, "hits_in_hot": 2, "hot_area_frac": 6.17283950617284e-05, "hit_frac": 0.0036429872495446266, "enrichment": 59.01639344262295}