{"threshold_z": 2.5, "target_mag": 4.5, "large_events": 493, "hits_in_hot": 8, "hot_area_frac": 3.08641975308642e-05, "hit_frac": 0.016227180527383367, "enrichment": 525.760649087221}