{"threshold_z": 2.5, "target_mag": 4.5, "large_events": 461, "hits_in_hot": 43, "hot_area_frac": 4.6296296296296294e-05, "hit_frac": 0.09327548806941431, "enrichment": 2014.7505422993493}