{"threshold_z": 2.5, "target_mag": 4.5, "large_events": 486, "hits_in_hot": 5, "hot_area_frac": 7.716049382716049e-05, "hit_frac": 0.0102880658436214, "enrichment": 133.33333333333334}