{"threshold_z": 2.5, "target_mag": 4.5, "large_events": 474, "hits_in_hot": 47, "hot_area_frac": 3.08641975308642e-05, "hit_frac": 0.09915611814345991, "enrichment": 3212.658227848101}