{"threshold_z": 2.5, "target_mag": 4.5, "large_events": 559, "hits_in_hot": 3, "hot_area_frac": 3.08641975308642e-05, "hit_frac": 0.005366726296958855, "enrichment": 173.8819320214669}