{"threshold_z": 2.5, "target_mag": 4.5, "large_events": 490, "hits_in_hot": 3, "hot_area_frac": 3.08641975308642e-05, "hit_frac": 0.006122448979591836, "enrichment": 198.36734693877548}