{"threshold_z": 2.5, "target_mag": 4.5, "large_events": 491, "hits_in_hot": 73, "hot_area_frac": 7.716049382716049e-05, "hit_frac": 0.14867617107942974, "enrichment": 1926.8431771894095}