{"threshold_z": 2.5, "target_mag": 4.5, "large_events": 514, "hits_in_hot": 19, "hot_area_frac": 9.259259259259259e-05, "hit_frac": 0.03696498054474708, "enrichment": 399.2217898832685}