{"threshold_z": 2.5, "target_mag": 4.5, "large_events": 477, "hits_in_hot": 29, "hot_area_frac": 7.716049382716049e-05, "hit_frac": 0.06079664570230608, "enrichment": 787.9245283018868}