{"threshold_z": 2.5, "target_mag": 4.5, "large_events": 498, "hits_in_hot": 7, "hot_area_frac": 6.17283950617284e-05, "hit_frac": 0.014056224899598393, "enrichment": 227.71084337349396}