{"threshold_z": 2.5, "target_mag": 4.5, "large_events": 453, "hits_in_hot": 37, "hot_area_frac": 7.716049382716049e-05, "hit_frac": 0.08167770419426049, "enrichment": 1058.5430463576158}