{"threshold_z": 2.5, "target_mag": 4.5, "large_events": 470, "hits_in_hot": 29, "hot_area_frac": 1.54320987654321e-05, "hit_frac": 0.06170212765957447, "enrichment": 3998.2978723404253}