{"threshold_z": 2.5, "target_mag": 4.5, "large_events": 470, "hits_in_hot": 35, "hot_area_frac": 3.08641975308642e-05, "hit_frac": 0.07446808510638298, "enrichment": 2412.7659574468084}