{"threshold_z": 2.5, "target_mag": 4.5, "large_events": 518, "hits_in_hot": 12, "hot_area_frac": 6.17283950617284e-05, "hit_frac": 0.023166023166023165, "enrichment": 375.2895752895753}