{"threshold_z": 2.5, "target_mag": 4.5, "large_events": 499, "hits_in_hot": 25, "hot_area_frac": 4.6296296296296294e-05, "hit_frac": 0.050100200400801605, "enrichment": 1082.1643286573146}