{"threshold_z": 2.5, "target_mag": 4.5, "large_events": 573, "hits_in_hot": 5, "hot_area_frac": 6.17283950617284e-05, "hit_frac": 0.008726003490401396, "enrichment": 141.36125654450262}