{"threshold_z": 2.5, "target_mag": 4.5, "large_events": 519, "hits_in_hot": 14, "hot_area_frac": 3.08641975308642e-05, "hit_frac": 0.02697495183044316, "enrichment": 873.9884393063584}