{"threshold_z": 2.5, "target_mag": 4.5, "large_events": 566, "hits_in_hot": 40, "hot_area_frac": 6.17283950617284e-05, "hit_frac": 0.0706713780918728, "enrichment": 1144.8763250883392}