{"threshold_z": 2.5, "target_mag": 4.5, "large_events": 496, "hits_in_hot": 10, "hot_area_frac": 3.08641975308642e-05, "hit_frac": 0.020161290322580645, "enrichment": 653.2258064516129}