{"threshold_z": 2.5, "target_mag": 4.5, "large_events": 553, "hits_in_hot": 6, "hot_area_frac": 1.54320987654321e-05, "hit_frac": 0.0108499095840868, "enrichment": 703.0741410488246}