{"threshold_z": 2.5, "target_mag": 4.5, "large_events": 478, "hits_in_hot": 31, "hot_area_frac": 1.54320987654321e-05, "hit_frac": 0.06485355648535565, "enrichment": 4202.510460251046}