{"threshold_z": 2.5, "target_mag": 4.5, "large_events": 559, "hits_in_hot": 49, "hot_area_frac": 7.716049382716049e-05, "hit_frac": 0.08765652951699464, "enrichment": 1136.0286225402506}