{"threshold_z": 2.5, "target_mag": 4.5, "large_events": 445, "hits_in_hot": 18, "hot_area_frac": 6.17283950617284e-05, "hit_frac": 0.04044943820224719, "enrichment": 655.2808988764044}