{"threshold_z": 2.5, "target_mag": 4.5, "large_events": 540, "hits_in_hot": 58, "hot_area_frac": 9.259259259259259e-05, "hit_frac": 0.10740740740740741, "enrichment": 1160.0}