{"threshold_z": 2.5, "target_mag": 4.5, "large_events": 434, "hits_in_hot": 4, "hot_area_frac": 3.08641975308642e-05, "hit_frac": 0.009216589861751152, "enrichment": 298.6175115207373}