{"threshold_z": 2.5, "target_mag": 4.5, "large_events": 486, "hits_in_hot": 67, "hot_area_frac": 6.17283950617284e-05, "hit_frac": 0.13786008230452676, "enrichment": 2233.3333333333335}