{"threshold_z": 2.5, "target_mag": 4.5, "large_events": 572, "hits_in_hot": 10, "hot_area_frac": 4.6296296296296294e-05, "hit_frac": 0.017482517482517484, "enrichment": 377.62237762237766}