{"threshold_z": 2.5, "target_mag": 4.5, "large_events": 545, "hits_in_hot": 51, "hot_area_frac": 0.0001080246913580247, "hit_frac": 0.09357798165137615, "enrichment": 866.2647444298821}