{"threshold_z": 2.5, "target_mag": 4.5, "large_events": 529, "hits_in_hot": 5, "hot_area_frac": 1.54320987654321e-05, "hit_frac": 0.00945179584120983, "enrichment": 612.4763705103969}