{"threshold_z": 2.5, "target_mag": 4.5, "large_events": 504, "hits_in_hot": 26, "hot_area_frac": 6.17283950617284e-05, "hit_frac": 0.051587301587301584, "enrichment": 835.7142857142857}