{"threshold_z": 2.5, "target_mag": 4.5, "large_events": 538, "hits_in_hot": 6, "hot_area_frac": 1.54320987654321e-05, "hit_frac": 0.011152416356877323, "enrichment": 722.6765799256505}