{"threshold_z": 2.5, "target_mag": 4.5, "large_events": 566, "hits_in_hot": 18, "hot_area_frac": 4.6296296296296294e-05, "hit_frac": 0.03180212014134275, "enrichment": 686.9257950530035}