{"threshold_z": 2.5, "target_mag": 4.5, "large_events": 507, "hits_in_hot": 17, "hot_area_frac": 4.6296296296296294e-05, "hit_frac": 0.03353057199211045, "enrichment": 724.2603550295858}