{"threshold_z": 2.5, "target_mag": 4.5, "large_events": 426, "hits_in_hot": 14, "hot_area_frac": 3.08641975308642e-05, "hit_frac": 0.03286384976525822, "enrichment": 1064.7887323943662}