{"threshold_z": 2.5, "target_mag": 4.5, "large_events": 528, "hits_in_hot": 19, "hot_area_frac": 9.259259259259259e-05, "hit_frac": 0.03598484848484849, "enrichment": 388.6363636363637}