{"threshold_z": 2.5, "target_mag": 4.5, "large_events": 422, "hits_in_hot": 1, "hot_area_frac": 6.17283950617284e-05, "hit_frac": 0.002369668246445498, "enrichment": 38.388625592417064}