{"threshold_z": 2.5, "target_mag": 4.5, "large_events": 563, "hits_in_hot": 1, "hot_area_frac": 1.54320987654321e-05, "hit_frac": 0.0017761989342806395, "enrichment": 115.09769094138544}