{"threshold_z": 2.5, "target_mag": 4.5, "large_events": 547, "hits_in_hot": 47, "hot_area_frac": 4.6296296296296294e-05, "hit_frac": 0.08592321755027423, "enrichment": 1855.9414990859234}