{"threshold_z": 2.5, "target_mag": 4.5, "large_events": 498, "hits_in_hot": 8, "hot_area_frac": 9.259259259259259e-05, "hit_frac": 0.01606425702811245, "enrichment": 173.49397590361446}