{"threshold_z": 2.5, "target_mag": 4.5, "large_events": 561, "hits_in_hot": 49, "hot_area_frac": 7.716049382716049e-05, "hit_frac": 0.0873440285204991, "enrichment": 1131.9786096256685}