{"threshold_z": 2.5, "target_mag": 4.5, "large_events": 495, "hits_in_hot": 35, "hot_area_frac": 9.259259259259259e-05, "hit_frac": 0.0707070707070707, "enrichment": 763.6363636363636}