{"threshold_z": 2.5, "target_mag": 4.5, "large_events": 540, "hits_in_hot": 70, "hot_area_frac": 4.6296296296296294e-05, "hit_frac": 0.12962962962962962, "enrichment": 2800.0}