{"threshold_z": 2.5, "target_mag": 4.5, "large_events": 548, "hits_in_hot": 49, "hot_area_frac": 6.17283950617284e-05, "hit_frac": 0.08941605839416059, "enrichment": 1448.5401459854015}