{"threshold_z": 2.5, "target_mag": 4.5, "large_events": 482, "hits_in_hot": 23, "hot_area_frac": 6.17283950617284e-05, "hit_frac": 0.04771784232365145, "enrichment": 773.0290456431535}