{"threshold_z": 2.5, "target_mag": 4.5, "large_events": 421, "hits_in_hot": 6, "hot_area_frac": 1.54320987654321e-05, "hit_frac": 0.014251781472684086, "enrichment": 923.5154394299287}