{"threshold_z": 2.5, "target_mag": 4.5, "large_events": 517, "hits_in_hot": 20, "hot_area_frac": 0.0001080246913580247, "hit_frac": 0.03868471953578337, "enrichment": 358.10997513125176}