{"threshold_z": 2.5, "target_mag": 4.5, "large_events": 557, "hits_in_hot": 39, "hot_area_frac": 6.17283950617284e-05, "hit_frac": 0.07001795332136446, "enrichment": 1134.2908438061042}