{"threshold_z": 2.5, "target_mag": 4.5, "large_events": 478, "hits_in_hot": 12, "hot_area_frac": 3.08641975308642e-05, "hit_frac": 0.02510460251046025, "enrichment": 813.3891213389121}