{"threshold_z": 2.5, "target_mag": 4.5, "large_events": 565, "hits_in_hot": 18, "hot_area_frac": 4.6296296296296294e-05, "hit_frac": 0.03185840707964602, "enrichment": 688.141592920354}