{"threshold_z": 2.5, "target_mag": 4.5, "large_events": 531, "hits_in_hot": 43, "hot_area_frac": 9.259259259259259e-05, "hit_frac": 0.08097928436911488, "enrichment": 874.5762711864407}