{"threshold_z": 2.5, "target_mag": 4.5, "large_events": 554, "hits_in_hot": 67, "hot_area_frac": 6.17283950617284e-05, "hit_frac": 0.12093862815884476, "enrichment": 1959.2057761732851}