{"threshold_z": 2.5, "target_mag": 4.5, "large_events": 516, "hits_in_hot": 12, "hot_area_frac": 6.17283950617284e-05, "hit_frac": 0.023255813953488372, "enrichment": 376.74418604651163}