{"threshold_z": 2.5, "target_mag": 4.5, "large_events": 455, "hits_in_hot": 18, "hot_area_frac": 6.17283950617284e-05, "hit_frac": 0.03956043956043956, "enrichment": 640.8791208791208}