{"threshold_z": 2.5, "target_mag": 4.5, "large_events": 435, "hits_in_hot": 18, "hot_area_frac": 6.17283950617284e-05, "hit_frac": 0.041379310344827586, "enrichment": 670.3448275862069}