{"threshold_z": 2.5, "target_mag": 4.5, "large_events": 549, "hits_in_hot": 1, "hot_area_frac": 3.08641975308642e-05, "hit_frac": 0.0018214936247723133, "enrichment": 59.01639344262295}