{"threshold_z": 2.5, "target_mag": 4.5, "large_events": 490, "hits_in_hot": 59, "hot_area_frac": 4.6296296296296294e-05, "hit_frac": 0.12040816326530612, "enrichment": 2600.8163265306125}