{"threshold_z": 2.5, "target_mag": 4.5, "large_events": 558, "hits_in_hot": 39, "hot_area_frac": 6.17283950617284e-05, "hit_frac": 0.06989247311827956, "enrichment": 1132.2580645161288}