{"threshold_z": 2.5, "target_mag": 4.5, "large_events": 540, "hits_in_hot": 48, "hot_area_frac": 0.0001080246913580247, "hit_frac": 0.08888888888888889, "enrichment": 822.8571428571429}