{"threshold_z": 2.5, "target_mag": 4.5, "large_events": 512, "hits_in_hot": 2, "hot_area_frac": 3.08641975308642e-05, "hit_frac": 0.00390625, "enrichment": 126.5625}