{"threshold_z": 2.5, "target_mag": 4.5, "large_events": 550, "hits_in_hot": 4, "hot_area_frac": 4.6296296296296294e-05, "hit_frac": 0.007272727272727273, "enrichment": 157.0909090909091}