{"threshold_z": 2.5, "target_mag": 4.5, "large_events": 539, "hits_in_hot": 48, "hot_area_frac": 6.17283950617284e-05, "hit_frac": 0.08905380333951762, "enrichment": 1442.6716141001855}