{"threshold_z": 2.5, "target_mag": 4.5, "large_events": 482, "hits_in_hot": 12, "hot_area_frac": 3.08641975308642e-05, "hit_frac": 0.024896265560165973, "enrichment": 806.6390041493776}