{"threshold_z": 2.5, "target_mag": 4.5, "large_events": 538, "hits_in_hot": 43, "hot_area_frac": 0.0001080246913580247, "hit_frac": 0.07992565055762081, "enrichment": 739.8831651619755}