{"threshold_z": 2.5, "target_mag": 4.5, "large_events": 457, "hits_in_hot": 38, "hot_area_frac": 7.716049382716049e-05, "hit_frac": 0.08315098468271334, "enrichment": 1077.636761487965}