{"threshold_z": 2.5, "target_mag": 4.5, "large_events": 503, "hits_in_hot": 20, "hot_area_frac": 9.259259259259259e-05, "hit_frac": 0.039761431411530816, "enrichment": 429.42345924453286}