{"threshold_z": 2.5, "target_mag": 4.5, "large_events": 559, "hits_in_hot": 65, "hot_area_frac": 7.716049382716049e-05, "hit_frac": 0.11627906976744186, "enrichment": 1506.9767441860465}