{"threshold_z": 2.5, "target_mag": 4.5, "large_events": 541, "hits_in_hot": 44, "hot_area_frac": 0.0001080246913580247, "hit_frac": 0.08133086876155268, "enrichment": 752.8914708212305}