{"threshold_z": 2.5, "target_mag": 4.5, "large_events": 611, "hits_in_hot": 3, "hot_area_frac": 1.54320987654321e-05, "hit_frac": 0.004909983633387889, "enrichment": 318.16693944353517}