{"threshold_z": 2.5, "target_mag": 4.5, "large_events": 580, "hits_in_hot": 25, "hot_area_frac": 4.6296296296296294e-05, "hit_frac": 0.04310344827586207, "enrichment": 931.0344827586208}