{"threshold_z": 2.5, "target_mag": 4.5, "large_events": 573, "hits_in_hot": 16, "hot_area_frac": 4.6296296296296294e-05, "hit_frac": 0.027923211169284468, "enrichment": 603.1413612565445}