{"threshold_z": 2.5, "target_mag": 4.5, "large_events": 492, "hits_in_hot": 9, "hot_area_frac": 7.716049382716049e-05, "hit_frac": 0.018292682926829267, "enrichment": 237.0731707317073}