{"threshold_z": 2.5, "target_mag": 4.5, "large_events": 473, "hits_in_hot": 35, "hot_area_frac": 3.08641975308642e-05, "hit_frac": 0.07399577167019028, "enrichment": 2397.463002114165}