{"threshold_z": 2.5, "target_mag": 4.5, "large_events": 569, "hits_in_hot": 41, "hot_area_frac": 6.17283950617284e-05, "hit_frac": 0.07205623901581722, "enrichment": 1167.3110720562388}