{"threshold_z": 2.5, "target_mag": 4.5, "large_events": 516, "hits_in_hot": 19, "hot_area_frac": 9.259259259259259e-05, "hit_frac": 0.03682170542635659, "enrichment": 397.67441860465124}