{"threshold_z": 2.5, "target_mag": 4.5, "large_events": 552, "hits_in_hot": 58, "hot_area_frac": 7.716049382716049e-05, "hit_frac": 0.10507246376811594, "enrichment": 1361.7391304347825}