{"threshold_z": 2.5, "target_mag": 4.5, "large_events": 419, "hits_in_hot": 6, "hot_area_frac": 3.08641975308642e-05, "hit_frac": 0.014319809069212411, "enrichment": 463.9618138424821}