{"threshold_z": 2.5, "target_mag": 4.5, "large_events": 506, "hits_in_hot": 18, "hot_area_frac": 4.6296296296296294e-05, "hit_frac": 0.03557312252964427, "enrichment": 768.3794466403164}