{"threshold_z": 2.5, "target_mag": 4.5, "large_events": 563, "hits_in_hot": 3, "hot_area_frac": 3.08641975308642e-05, "hit_frac": 0.0053285968028419185, "enrichment": 172.64653641207815}