{"threshold_z": 2.5, "target_mag": 4.5, "large_events": 559, "hits_in_hot": 1, "hot_area_frac": 3.08641975308642e-05, "hit_frac": 0.0017889087656529517, "enrichment": 57.960644007155636}