{"threshold_z": 2.5, "target_mag": 4.5, "large_events": 564, "hits_in_hot": 2, "hot_area_frac": 6.17283950617284e-05, "hit_frac": 0.0035460992907801418, "enrichment": 57.4468085106383}