{"threshold_z": 2.5, "target_mag": 4.5, "large_events": 508, "hits_in_hot": 27, "hot_area_frac": 4.6296296296296294e-05, "hit_frac": 0.0531496062992126, "enrichment": 1148.0314960629923}