{"threshold_z": 2.5, "target_mag": 4.5, "large_events": 507, "hits_in_hot": 18, "hot_area_frac": 4.6296296296296294e-05, "hit_frac": 0.03550295857988166, "enrichment": 766.8639053254439}