{"threshold_z": 2.5, "target_mag": 4.5, "large_events": 467, "hits_in_hot": 46, "hot_area_frac": 4.6296296296296294e-05, "hit_frac": 0.09850107066381156, "enrichment": 2127.6231263383297}