{"threshold_z": 2.5, "target_mag": 4.5, "large_events": 475, "hits_in_hot": 31, "hot_area_frac": 1.54320987654321e-05, "hit_frac": 0.06526315789473684, "enrichment": 4229.0526315789475}