{"threshold_z": 2.5, "target_mag": 4.5, "large_events": 482, "hits_in_hot": 72, "hot_area_frac": 7.716049382716049e-05, "hit_frac": 0.14937759336099585, "enrichment": 1935.9336099585062}