{"threshold_z": 2.5, "target_mag": 4.5, "large_events": 524, "hits_in_hot": 12, "hot_area_frac": 6.17283950617284e-05, "hit_frac": 0.022900763358778626, "enrichment": 370.99236641221376}