{"threshold_z": 2.5, "target_mag": 4.5, "large_events": 485, "hits_in_hot": 52, "hot_area_frac": 3.08641975308642e-05, "hit_frac": 0.10721649484536082, "enrichment": 3473.8144329896904}