{"threshold_z": 2.5, "target_mag": 4.5, "large_events": 469, "hits_in_hot": 3, "hot_area_frac": 4.6296296296296294e-05, "hit_frac": 0.006396588486140725, "enrichment": 138.16631130063968}