{"threshold_z": 2.5, "target_mag": 4.5, "large_events": 550, "hits_in_hot": 49, "hot_area_frac": 6.17283950617284e-05, "hit_frac": 0.0890909090909091, "enrichment": 1443.2727272727273}