{"threshold_z": 2.5, "target_mag": 4.5, "large_events": 491, "hits_in_hot": 7, "hot_area_frac": 7.716049382716049e-05, "hit_frac": 0.014256619144602852, "enrichment": 184.76578411405296}