{"threshold_z": 2.5, "target_mag": 4.5, "large_events": 480, "hits_in_hot": 2, "hot_area_frac": 3.08641975308642e-05, "hit_frac": 0.004166666666666667, "enrichment": 135.0}