{"threshold_z": 2.5, "target_mag": 4.5, "large_events": 552, "hits_in_hot": 38, "hot_area_frac": 6.17283950617284e-05, "hit_frac": 0.06884057971014493, "enrichment": 1115.2173913043478}