{"threshold_z": 2.5, "target_mag": 4.5, "large_events": 450, "hits_in_hot": 19, "hot_area_frac": 3.08641975308642e-05, "hit_frac": 0.042222222222222223, "enrichment": 1368.0}