{"threshold_z": 2.5, "target_mag": 4.5, "large_events": 474, "hits_in_hot": 1, "hot_area_frac": 3.08641975308642e-05, "hit_frac": 0.002109704641350211, "enrichment": 68.35443037974683}