{"threshold_z": 2.5, "target_mag": 4.5, "large_events": 573, "hits_in_hot": 8, "hot_area_frac": 1.54320987654321e-05, "hit_frac": 0.013961605584642234, "enrichment": 904.7120418848167}