{"threshold_z": 2.5, "target_mag": 4.5, "large_events": 556, "hits_in_hot": 52, "hot_area_frac": 6.17283950617284e-05, "hit_frac": 0.09352517985611511, "enrichment": 1515.1079136690648}