{"threshold_z": 2.5, "target_mag": 4.5, "large_events": 463, "hits_in_hot": 7, "hot_area_frac": 3.08641975308642e-05, "hit_frac": 0.01511879049676026, "enrichment": 489.84881209503243}