{"threshold_z": 2.5, "target_mag": 4.5, "large_events": 479, "hits_in_hot": 35, "hot_area_frac": 1.54320987654321e-05, "hit_frac": 0.07306889352818371, "enrichment": 4734.864300626305}