{"threshold_z": 2.5, "target_mag": 4.5, "large_events": 492, "hits_in_hot": 8, "hot_area_frac": 7.716049382716049e-05, "hit_frac": 0.016260162601626018, "enrichment": 210.7317073170732}