{"threshold_z": 2.5, "target_mag": 4.5, "large_events": 456, "hits_in_hot": 23, "hot_area_frac": 6.17283950617284e-05, "hit_frac": 0.05043859649122807, "enrichment": 817.1052631578947}