{"threshold_z": 2.5, "target_mag": 4.5, "large_events": 503, "hits_in_hot": 18, "hot_area_frac": 4.6296296296296294e-05, "hit_frac": 0.03578528827037773, "enrichment": 772.9622266401591}