{"threshold_z": 2.5, "target_mag": 4.5, "large_events": 527, "hits_in_hot": 12, "hot_area_frac": 6.17283950617284e-05, "hit_frac": 0.022770398481973434, "enrichment": 368.88045540796963}