{"threshold_z": 2.5, "target_mag": 4.5, "large_events": 567, "hits_in_hot": 41, "hot_area_frac": 6.17283950617284e-05, "hit_frac": 0.07231040564373897, "enrichment": 1171.4285714285713}