{"threshold_z": 2.5, "target_mag": 4.5, "large_events": 461, "hits_in_hot": 44, "hot_area_frac": 4.6296296296296294e-05, "hit_frac": 0.09544468546637744, "enrichment": 2061.605206073753}