{"threshold_z": 2.5, "target_mag": 4.5, "large_events": 553, "hits_in_hot": 2, "hot_area_frac": 4.6296296296296294e-05, "hit_frac": 0.003616636528028933, "enrichment": 78.11934900542495}