{"threshold_z": 2.5, "target_mag": 4.5, "large_events": 492, "hits_in_hot": 73, "hot_area_frac": 7.716049382716049e-05, "hit_frac": 0.1483739837398374, "enrichment": 1922.9268292682927}