{"threshold_z": 2.5, "target_mag": 4.5, "large_events": 515, "hits_in_hot": 26, "hot_area_frac": 4.6296296296296294e-05, "hit_frac": 0.05048543689320388, "enrichment": 1090.4854368932038}