{"threshold_z": 2.5, "target_mag": 4.5, "large_events": 568, "hits_in_hot": 16, "hot_area_frac": 6.17283950617284e-05, "hit_frac": 0.028169014084507043, "enrichment": 456.3380281690141}