{"threshold_z": 2.5, "target_mag": 4.5, "large_events": 490, "hits_in_hot": 68, "hot_area_frac": 6.17283950617284e-05, "hit_frac": 0.13877551020408163, "enrichment": 2248.1632653061224}