{"threshold_z": 2.5, "target_mag": 4.5, "large_events": 558, "hits_in_hot": 2, "hot_area_frac": 1.54320987654321e-05, "hit_frac": 0.0035842293906810036, "enrichment": 232.25806451612902}