{"threshold_z": 2.5, "target_mag": 4.5, "large_events": 538, "hits_in_hot": 50, "hot_area_frac": 0.0001080246913580247, "hit_frac": 0.09293680297397769, "enrichment": 860.3292618162506}