{"threshold_z": 2.5, "target_mag": 4.5, "large_events": 491, "hits_in_hot": 72, "hot_area_frac": 6.17283950617284e-05, "hit_frac": 0.14663951120162932, "enrichment": 2375.560081466395}